filename	xmlid	author-name	author-gender	title	subgenre	pub-year-ref	firstEdition	digitalSource	printSource
Simenon_Temps	Simenon_Temps	Simenon, Georges	M	Le Temps d'Anaïs	blanche	1951	1951	nan	NA
Webb_Merci	Webb_Merci	Webb, Anthony	M	Merci, Monsieur Pendlebury	policier	1951	nan	1951	1951
Beckett_Malone	Beckett_Malone	Beckett, Samuel	M	Malone meurt	blanche	1951	1951	nan	NA
Simenon_Grande	Simenon_Grande	Simenon, Georges	M	Maigret et la Grande Perche	policier	1951	1951	nan	NA
Beckett_Molloy	Beckett_Molloy	Beckett, Samuel	M	Molloy	blanche	1951	1951	nan	NA
Giono_Hussard	Giono_Hussard	Giono, Jean	M	Hussard Toit	blanche	1951	1951	nan	NA
Giono_Grands	Giono_Grands	Giono, Jean	M	Grands Chemins	blanche	1951	1951	nan	NA
BoileauNarcejac_Celle	BoileauNarcejac_Celle	Boileau-Narcejac	M	Celle Qui n'était plus (Les Diaboliques)	policier	1952	1952	nan	NA
Duras_Marin	Duras_Marin	Duras, Marguerite	F	Le Marin de Gibraltar	blanche	1952	1952	nan	NA
Malet_Gang	Malet_Gang	Malet, Léo	M	Le Gang Mysterieux (suivi de Aux mains des réducteurs de têtes)	policier	1952	1952	nan	NA
Simenon_Belle	Simenon_Belle	Simenon, Georges	M	La Mort de Belle	policier	1952	1952	nan	NA
Simenon_Marie	Simenon_Marie	Simenon, Georges	M	Marie Qui Louche	blanche	1952	1952	nan	NA
Vian_Arrache	Vian_Arrache	Vian, Boris	M	Arrache Coeur	blanche	1953	1953	nan	NA
Simenon_Peur	Simenon_Peur	Simenon, Georges	M	Maigret a Peur	policier	1953	1953	nan	NA
Simenon_Antione	Simenon_Antione	Simenon, Georges	M	Antoine et Julie	blanche	1953	1953	nan	NA
Duras_Petits	Duras_Petits	Duras, Marguerite	F	Les Petits Chevaux de Tarquinia	blanche	1953	1953	nan	NA
Oelrichs_Mort	Oelrichs_Mort	Oelrichs, Inès	F	Mort d'une sorcière blanche	policier	1953	nan	1953	1953
Dard_Clientes	Dard_Clientes	Dard, Frédéric	M	Des Clientes pour la Morgue	policier	1953	1953	nan	NA
Dard_Plomb	Dard_Plomb	Dard, Frédéric	M	Du Plomb dans les Tripes	policier	1953	1953	nan	NA
Beckett_Innommable	Beckett_Innommable	Beckett, Samuel	M	L'Innommable	blanche	1953	1953	nan	NA
SanxayHolding_Pied	SanxayHolding_Pied	Sanxay Holding, Elisabeth	F	Au pied du mur	policier	1953	nan	1953	1953
RobbeGrillet_Voyeur	RobbeGrillet_Voyeur	Robbe-Grillet, Alain	M	Le Voyeur	blanche	1953	1953	nan	NA
RobbeGrillet_Gommes	RobbeGrillet_Gommes	Robbe-Grillet, Alain	M	Les Gommes	policier	1953	1953	nan	NA
Sarraute_Martereau	Sarraute_Martereau	Sarraute, Nathalie	F	Martereau	blanche	1953	nan	1953	1953
Duras_Journees	Duras_Journees	Duras, Marguerite	F	Des Journées Entières dans les Arbres	blanche	1954	1954	nan	NA
BoileauNarcejac_Entre	BoileauNarcejac_Entre	Boileau-Narcejac	M	D'Entre les Morts (Sueurs froides)	policier	1954	1954	nan	NA
Malet_Fievre	Malet_Fievre	Malet, Léo	M	Fièvre au Marais	policier	1955	1955	nan	NA
BoileauNarcejac_Louves	BoileauNarcejac_Louves	Boileau-Narcejac	M	Les Louves	policier	1955	1955	nan	NA
Amila_Bonne	Amila_Bonne	Amila, Jean	M	Bonne Tisane	policier	1955	1955	nan	NA
Malet_Nuit	Malet_Nuit	Malet, Léo	M	La Nuit de Saint-Germain des prés	policier	1955	1955	nan	NA
Simenon_Temoins	Simenon_Temoins	Simenon, Georges	M	Le Témoins	blanche	1955	1955	nan	NA
Dard_Meurt	Dard_Meurt	Dard, Frédéric	M	On n'en Meurt Pas	policier	1956	1956	nan	NA
Dard_Bourreau	Dard_Bourreau	Dard, Frédéric	M	Le Bourreau Pleure	policier	1956	1956	nan	NA
BoileauNarcejac_Bois	BoileauNarcejac_Bois	Boileau-Narcejac	M	Au Bois Dormant	policier	1956	1956	nan	NA
Simenon_Complices	Simenon_Complices	Simenon, Georges	M	Les Complices	blanche	1956	1956	nan	NA
Butor_Modification	Butor_Modification	Butor, Michel	M	Modification	blanche	1957	1957	nan	NA
Celine_Chateau	Celine_Chateau	Celine, Louis-Ferdinand	M	Chateau L'Autre	blanche	1957	1957	nan	NA
RobbeGrillet_Jalousie	RobbeGrillet_Jalousie	Robbe-Grillet, Alain	M	La Jalousie	blanche	1957	1957	nan	NA
Malet_Ossements	Malet_Ossements	Malet, Léo	M	Boulevard Ossements	policier	1957	1957	nan	NA
Simenon_Fils	Simenon_Fils	Simenon, Georges	M	Le Fils	blanche	1957	1957	nan	NA
Malet_Casse	Malet_Casse	Malet, Léo	M	Casse-Pipe à la Nation	policier	1957	1957	nan	NA
Simenon_Negre	Simenon_Negre	Simenon, Georges	M	Le Nègre	blanche	1957	1957	nan	NA
Duras_Moderato	Duras_Moderato	Duras, Marguerite	F	Moderato Cantabile	blanche	1958	1958	nan	NA
Simon_Herbe	Simon_Herbe	Simon, Claude	M	L'Herbe	blanche	1958	1958	nan	NA
Robertson_Drole	Robertson_Drole	Robertson, Colin	M	Drôle de cadavre	policier	1958	nan	1958	1958
BoileauNarcejac_Ingenieur	BoileauNarcejac_Ingenieur	Boileau-Narcejac	M	L'Ingénieur aimait trop les Chiffres	policier	1958	1958	nan	NA
Simenon_Dimanche	Simenon_Dimanche	Simenon, Georges	M	Dimanche	blanche	1958	1958	nan	NA
Simenon_Vieille	Simenon_Vieille	Simenon, Georges	M	La Vieille	blanche	1959	1959	nan	NA
Simenon_Confidence	Simenon_Confidence	Simenon, Georges	M	Une Confidence de Maigret	policier	1959	1959	nan	NA
Simon_Route	Simon_Route	Simon, Claude	M	La Route des Flandres	blanche	1960	1960	nan	NA
Robertson_Singe	Robertson_Singe	Robertson, Colin	M	Le singe bleu	policier	1960	nan	1960	1960
Hocking_Tout	Hocking_Tout	Hocking, Anne	F	Tout s'arrête à minuit	policier	1960	nan	1960	1960
Andrau_Faits	Andrau_Faits	Andrau, Marianne	F	Les faits d'Eiffel	scifi	1960	nan	1960	1960
Camus_Premier	Camus_Premier	Camus, Albert	M	Premier Homme	blanche	1960	1960	nan	NA
Simenon_Ours	Simenon_Ours	Simenon, Georges	M	L'Ours en Peluche	blanche	1960	1960	nan	NA
Godey_Frappez	Godey_Frappez	Godey, John	M	Frappez sans entrer	policier	1961	nan	1961	1961
Simenon_Betty	Simenon_Betty	Simenon, Georges	M	Betty	blanche	1961	1961	nan	NA
Ehrlich_Moment	Ehrlich_Moment	Ehrlich, Jack	M	Un moment de faiblesse	policier	1961	nan	1961	1961
Franke_Cage	Franke_Cage	Franke, Herbert W.	M	La cage aux orchidées	scifi	1961	1961	1964	1964
Malet_Direct	Malet_Direct	Malet, Léo	M	Nestor Burma En Direct	policier	1962	1962	nan	NA
Ross_A	Ross_A	Ross, Ivan T.	M	Par A plus B	policier	1962	nan	1962	1962
White_Joli	White_Joli	White. Lionel	M	Tout ce joli monde	policier	1962	nan	1962	1962
Garen_Piege	Garen_Piege	Garen, Jean-Pierre	M	Piège pour la défense	policier	1962	nan	1962	1962
Simon_Palace	Simon_Palace	Simon, Claude	M	Le Palace	blanche	1962	1962	nan	NA
Rydell_Madame	Rydell_Madame	Rydell, Forbes	M	Et avec ca, Madame?	policier	1962	nan	1962	1962
Simenon_Anneaux	Simenon_Anneaux	Simenon, Georges	M	Les Anneaux de Bicêtre	blanche	1963	1963	nan	NA
Ryck_Heures	Ryck_Heures	Ryck, Francis	M	Heures Ouvrables	policier	1963	1963	nan	NA
Garen_Poursuite	Garen_Poursuite	Garen, Jean-Pierre	M	Poursuite sans espoir	policier	1963	nan	1963	1963
Page_Gueule	Page_Gueule	Page, Alain	M	La gueule d'un autre	policier	1963	nan	1963	1963
Dard_Gala	Dard_Gala	Dard, Frédéric	M	Le Gala des Emplumés	policier	1963	1963	nan	NA
LeClezio_Proces	LeClezio_Proces	LeClezio, Jean-Marie	M	Proces Verbal	blanche	1963	1963	nan	NA
Simenon_Petit	Simenon_Petit	Simenon, Georges	M	L'Homme au Petit Chien	blanche	1964	1964	nan	NA
Amila_Lune	Amila_Lune	Amila, Jean	M	Lune Omaha	policier	1964	1964	nan	NA
Vidal_Terreur	Vidal_Terreur	Vidal, Georges	M	Terreur sur la personne	policier	1964	nan	1964	1964
McBain_Dix	McBain_Dix	McBain, Ed	M	Dix plus un	policier	1964	nan	1964	1964
Bernanos_Grands	Bernanos_Grands	Bernanos, Georges	M	Les grands cimetières sous la lune	blanche	1964	nan	1964	1964
Duras_Ravissement	Duras_Ravissement	Duras, Marguerite	F	Le Ravissement de Lol v. Stein	blanche	1964	1964	nan	NA
Simenon_Fantome	Simenon_Fantome	Simenon, Georges	M	Maigret et le Fantôme	policier	1964	1964	nan	NA
BoileauNarcejac_Mon	BoileauNarcejac_Mon	Boileau-Narcejac	M	Et Mon Tout est un Homme	blanche	1965	1965	nan	NA
Simenon_Patience	Simenon_Patience	Simenon, Georges	M	La Patience de Maigret	policier	1965	1965	nan	NA
Farmer_Faiseur	Farmer_Faiseur	Farmer, Philip José	M	Le faiseur d'univers	scifi	1965	1965	N.N.	N.N.
Giono_Deux	Giono_Deux	Giono, Jean	M	Deux Cavaliers Orage	blanche	1965	1965	nan	NA
VanVogt_Fabricants	VanVogt_Fabricants	van Vogt, Alfred Elton	M	Les fabricants d'armes	scifi	1965	1965	1972	1972
Perec_Choses	Perec_Choses	Perec, Georges	M	Les Choses	blanche	1965	1965	nan	NA
Simak_Pecheur	Simak_Pecheur	Simak, Clifford D.	M	Le pêcheur	scifi	1965	1965	1975	1975
Delion_Quand	Delion_Quand	Delion, Jean	M	Quand s'allongent les nababs	policier	1966	nan	1966	1966
LeGuin_Monde	LeGuin_Monde	Le Guin, Ursula	F	Le monde de Rocannon. La Ligue de tous les mondes	scifi	1966	nan	1966	1966
Farmer_Portes	Farmer_Portes	Farmer, Philip José	M	Les portes de la creation	scifi	1966	1966	N.N.	N.N.
Lafitte_Deserteur	Lafitte_Deserteur	Lafitte, Jean-Louis	M	Le déserteur	policier	1966	nan	1966	1966
Aldiss_Barbe	Aldiss_Barbe	Aldiss, Brain W.	M	Barbe-Grise	scifi	1966	nan	1966	1966
Japrisot_Dame	Japrisot_Dame	Japrisot, Sébastien	M	La Dame dans l'Auto avec des Lunettes et un Fusil	policier	1966	1966	nan	NA
Simon_Histoire	Simon_Histoire	Simon, Claude	M	Histoire	blanche	1967	1967	nan	NA
Steiner_Oceans	Steiner_Oceans	Steiner, Kurt	M	Les océans du ciel	scifi	1967	nan	1967	1967
Simenon_Demenagement	Simenon_Demenagement	Simenon, Georges	M	Le Déménagement	blanche	1967	1967	nan	NA
Carsac_Vermine	Carsac_Vermine	Carsac, Francis	M	La vermine du lion	scifi	1967	nan	1967	1967
Etcherelli_Elise	Etcherelli_Elise	Etcherelli, Claire	F	Élise ou la vraie vie	blanche	1967	nan	1967	1967
MaurionGilles_Blonde	MaurionGilles_Blonde	Maurion-Gilles, Yves	M	La blonde lance la rousse	policier	1967	nan	1967	1967
Simenon_Prison	Simenon_Prison	Simenon, Georges	M	La Prison	blanche	1967	1967	nan	NA
Perec_Homme	Perec_Homme	Perec, Georges	M	Homme Qui Dort	blanche	1967	1967	nan	NA
Ryck_Feu	Ryck_Feu	Ryck, Francis	M	Feu Vert Poissons Rouges	policier	1967	1967	nan	NA
Siniac_Morfalous	Siniac_Morfalous	Siniac, Pierre	M	Les Morfalous	policier	1968	nan	1968	1968
Randa_Aventuriers	Randa_Aventuriers	Randa, Peter	M	Les aventuriers de l'espace	scifi	1968	nan	1968	1968
Malet_Drole	Malet_Drole	Malet, Léo	M	Drôle d'épreuve pour Nestor Burma	policier	1968	1968	nan	NA
Japrisot_Adieu	Japrisot_Adieu	Japrisot, Sébastien	M	Adieu l'Ami	policier	1968	1968	nan	NA
Yourcenar_Oeuvre	Yourcenar_Oeuvre	Yourcenar, Marguerite	F	L'Œuvre au Noir	blanche	1968	nan	1968	1968
Sheckley_Omega	Sheckley_Omega	Sheckley, Robert	M	Omega	scifi	1968	1968	1977	1977
Sheckley_Dimension	Sheckley_Dimension	Sheckley, Robert	M	La dimension des miracles	scifi	1968	1968	1973	1973
Ryck_Drole	Ryck_Drole	Ryck, Francis	M	Drole Pistolet	policier	1969	1969	nan	NA
SaintBriac_Mort	SaintBriac_Mort	Saint-Briac, André	M	Le mort accuse	policier	1969	nan	1969	1969
Steiner_Ortog	Steiner_Ortog	Steiner, Kurt	M	Ortog et les ténèbres	scifi	1969	nan	1969	1969
Marcy_Neige	Marcy_Neige	Marcy, Gérard	M	La neige bleue	scifi	1969	nan	1969	1969
RichardBessiere_Marteaux	RichardBessiere_Marteaux	Richard-Bessière, F.	M	Les marteaux de vulcain	scifi	1969	nan	1969	1969
Simon_Bataille	Simon_Bataille	Simon, Claude	M	La Bataille de Pharsale	blanche	1969	1969	nan	NA
Duras_Detruire	Duras_Detruire	Duras, Marguerite	F	Détruire dit-elle	blanche	1969	1969	nan	NA
Steiner_Enfants	Steiner_Enfants	Steiner, Kurt	M	Les enfants de l'Histoire	scifi	1969	nan	1969	1969
Thirion_Naufrages	Thirion_Naufrages	Thirion, Louis	M	Les naufragés de l'Alkinoos	scifi	1969	nan	1969	1969
RossS_Amere	RossS_Amere	Ross, Sam	M	Amère pilule	policier	1969	nan	1969	1969
Leiber_Vagabond	Leiber_Vagabond	Leiber, Fritz	M	Le vagabond	scifi	1969	1969	1975	1975
Simenon_Encore	Simenon_Encore	Simenon, Georges	M	Il y a Encore des Noisetiers	blanche	1969	1969	nan	NA
Barbet_Vikings	Barbet_Vikings	Barbet, Pierre	M	Vikings de l'espace	scifi	1969	nan	1969	1969
Simenon_Folle	Simenon_Folle	Simenon, Georges	M	La Folle de Maigret	policier	1970	1970	nan	NA
Wul_Temple	Wul_Temple	Wul, Stefan	M	Le temple du passé	scifi	1970	nan	1970	1970
Bruss_Planete	Bruss_Planete	Bruss, B.-R.	M	La planète aux Oasis	scifi	1970	nan	1970	1970
Simenon_Riche	Simenon_Riche	Simenon, Georges	M	Le Riche Homme	blanche	1970	1970	nan	NA
Didier_Entree	Didier_Entree	Didier, Christiane	F	Entrée interdite	policier	1971	nan	1971	1971
Malet_Burma	Malet_Burma	Malet, Léo	M	Nestor Burma Court Poupée	policier	1971	1971	nan	NA
Simenon_Indicateur	Simenon_Indicateur	Simenon, Georges	M	Maigret et l'Indicateur	policier	1971	1971	nan	NA
Dard_Moi	Dard_Moi	Dard, Frédéric	M	Moi, Vous me Connaissez...?	policier	1971	1971	nan	NA
Simenon_Seul	Simenon_Seul	Simenon, Georges	M	Maigret et l'Homme Tout Seul	policier	1971	1971	nan	NA
Simenon_Disparition	Simenon_Disparition	Simenon, Georges	M	La Disparition d'Odile	blanche	1971	1971	nan	NA
LeMay_Landes	leMayJD_Landes	leMay, Jean-Louis / leMay, Doris	M	Les landes d'Achernar	scifi	1971	1971	nan	NA
Malet_Abattoir	Malet_Abattoir	Malet, Léo	M	Abattoir ensoleillé	policier	1972	1972	nan	NA
Rayjean_Statues	Rayjean_Statues	Rayjean, Max-André	M	Les statues vivantes	scifi	1972	nan	1972	1972
Murcie_Tunnelumiere	Murcie_Tunnelumiere	Murcie, Georges	M	Le tunnelumiere	scifi	1972	nan	1972	1972
Manchette_Dingos	Manchette_Dingos	Manchette, Jean-Patrick	M	Ô Dingos, Ô Châteaux !	policier	1972	1972	nan	NA
Silverberg_Tour	Silverberg_Tour	Silverberg, Robert	M	La tour de verre	scifi	1972	nan	1972	1972
Simenon_Innocents	Simenon_Innocents	Simenon, Georges	M	Les Innocents	blanche	1972	1972	nan	NA
RadfordEM_Eau	RadfordEM_Eau	Radford, Edwin / Radford, Mona Augusta	M	L'eau morte	policier	1972	nan	1972	1972
LeMay_Createurs	LeMayLeMay_Createurs	Le May, Jean-Louis / Le May, Doris	M	Les createurs d'Ulnar	scifi	1972	nan	1972	1972
Chandler_Tueur	Chandler_Tueur	Chandler, Raymond	M	Un tueur sous la pluie	policier	1972	nan	1972	1972
Manchette_Nada	Manchette_Nada	Manchette, Jean-Patrick	M	Nada	policier	1972	1972	nan	NA
Millar_Territoire	Millar_Territoire	Millar, Margaret	F	Le territoire des monstres	policier	1972	nan	1972	1972
Farmer_Homme	Farmer_Homme	Farmer, Philip José	M	L'homme qui trahit la vie	scifi	1973	1973	1981	1981
LeMay_Dame	leMayJD_Dame	leMay, Jean-Louis / leMay, Doris	M	Dame Lueen	scifi	1973	nan	1973	1973
VanVogt_Guerre	VanVogt_Guerre	van Vogt, Alfred Elton	M	La guerre contre le Rull	scifi	1973	nan	1973	1973
Vautrin_Bulletins	Vautrin_Bulletins	Vautrin, Jean	M	A bulletins rouge	policier	1973	nan	1973	1973
Gary_GrosCalin	Gary_Calin	Gary, Romain	M	Gros-câlin	blanche	1973	1973	1973	NA
Johnston_Arbres	Johnston_Arbres	Johnston, Velda	F	Les arbres de Josue	policier	1973	nan	1973	1973
Jeury_Temps	Jeury_Temps	Jeury, Michel	M	Le temps incertain	scifi	1973	nan	1973	1973
Deon_Taxi	Deon_Taxi	Déon, Michel	M	Un taxi mauve	blanche	1973	nan	1973	1973
Steiner_Brebis	Steiner_Brebis	Steiner, Kurt	M	Brebis galeuses	scifi	1974	nan	1974	1974
Rayjean_Grand	Rayjean_Grand	Rayjean, Max-André	M	Le grand retour	scifi	1974	nan	1974	1974
BoileauNarcejac_Poudriere	BoileauNarcejac_Poudriere	Boileau-Narcejac	M	La Poudrière	policier	1974	1974	1987	NA
GuillemonatBancal_Jamais	GuillemonatBancal_Jamais	Guillemonat, Jean / Bancal, Jean	M	Jamais à l'heure même pour mourir	policier	1974	nan	1974	1974
Gary_Vie	Gary_Vie	Gary	M	La Vie devant soi	blanche	1975	1975	2013	NA
Robin_Nuit	Robin_Nuit	Liliane Robin	F	Une nuit à Lisbonne	sentimental	1975	1975	nan	2020
VanVogt_Lendemains	VanVogt_Lendemains	van Vogt, Alfred Elton	M	Des lendemains qui scintillent	scifi	1975	nan	1975	1975
Manchette_Qued	Manchette_Qued	Manchette, Jean-Patrick	M	Que d'Os !	policier	1976	1976	nan	NA
Dard_Concerto	Dard_Concerto	Dard, Frédéric	M	Concerto pour porte-jarretelles	policier	1976	1976	nan	NA
Moore_Nuit	Moore_Nuit	Moore, Catherine L.	F	La nuit du jugement	scifi	1976	nan	1976	1976
Lang_Nous	Lang_Nous	Lang, Maria	F	Nous étions treize en classe	policier	1976	nan	1976	1976
Pelot_Barreaux	Pelot_Barreaux	Pelot, Pierre	M	Les barreaux de l'Eden	scifi	1977	nan	1977	1977
Koontz_Miroirs	Koontz_Miroirs	Koontz, Dean	M	Miroirs de sang	scifi	1977	1977	1982	1982
Simak_Planete	Simak_Planete	Simak, Clifford D.	M	La planète de Shakespeare	scifi	1977	nan	1977	1977
Gary_Clair	Gary_Clair	Gary	M	Clair de Femme	blanche	1977	1977	2013	NA
Curval_Soupcon	Curval_Soupcon	Curval, Philippe	M	Un soupçon de néant	scifi	1977	nan	1977	1977
Magnan_Sang	Magnan_Sang	Magnan, Pierre	M	Le Sang des Atrides	policier	1977	1977	nan	NA
Coney_Immortels	Coney_Immortels	Coney, Michaël	M	Immortels en conserve	scifi	1977	nan	1977	1977
Brunner_Productions	Brunner_Productions	Brunner, John	M	Les productions du temps	scifi	1978	nan	1978	1978
Bialot_Salon	Bialot_Salon	Bialot, Joseph	M	Le salon du prêt-à-saigner	policier	1978	nan	1978	1978
Dard_Fais	Dard_Fais	Dard, Frédéric	M	Fais-Moi des choses	policier	1978	1978	nan	NA
Jeury_Monde	Jeury_Monde	Jeury, Michel	M	Le monde du Lignus	scifi	1978	nan	1978	1978
Vincenot_Billebaude	Vincenot_Billebaude	Vincenot, Henri	M	La billebaude	blanche	1978	nan	1978	1978
RobbeGrillet_Souvenirs	RobbeGrillet_Souvenirs	Robbe-Grillet, Alain	M	Souvenirs du triangle d'or	blanche	1978	1978	nan	NA
Ryck_Priere	Ryck_Priere	Ryck, Francis	M	Prière de se pencher au-dehors	policier	1978	nan	1978	1978
Magnan_Commissaire	Magnan_Commissaire	Magnan, Pierre	M	Le Commissaire dans la truffière	policier	1978	1978	nan	NA
Perec_Vie	Perec_Vie	Perec, Georges	M	La Vie mode d'emploi	blanche	1978	1978	nan	NA
Veillot_Machine	Veillot_Machine	Veillot, Claude	M	La machine de Balmer	scifi	1978	nan	1978	1978
Winspear_Ombre	Winspear_Ombre	Winspear, Violet	F	D'ombre et du lumière	sentimental	1978	nan	1978	1978
Koontz_Monstre	Koontz_Monstre	Koontz, Dean	M	Le monstre et l'enfant	scifi	1978	nan	1978	1978
Massip_Belle	Massip_Belle	Massip, Renée	F	Belle à jamais...	blanche	1979	nan	1979	1979
BoileauNarcejac_Carte	Boileau-Narcejac_Carte	Boileau, Pierre / Narcejac, Thomas	M	Carte Vermeil	blanche	1979	nan	1979	1979
Curval_Forteresse	Curval_Forteresse	Curval, Philippe	M	La forteresse de coton	scifi	1979	nan	1979	1979
Echenoz_Meridien	Echenoz_Meridien	Echenoz, Jean	M	Le Méridien de Greenwich	policier	1979	1979	nan	NA
Bielski_Belles	Bielski_Belles	Bielski, Nella	F	Si belles et fraîches étaient les roses	blanche	1980	nan	1980	1980
Didelot_Ombres	Didelot_Ombres	Didelot, Francis	M	Les ombres du parking	policier	1980	nan	1980	1980
Tournier_Gaspard	Tournier_Gaspard	Tournier, Michel	M	Gaspard	blanche	1980	1980	nan	NA
Rendell_Petit	Rendell_Petit	Rendell, Ruth	F	Le petit été de la Saint-Luke	policier	1980	nan	1980	1980
Zelazny_Enfant	Zelazny_Enfant	Zelazny, Roger	M	L'enfant tombé de nulle part	scifi	1980	nan	1980	1980
Curval_Odeur	Curval_Odeur	Curval, Philippe	M	L'odeur de la bête	scifi	1981	nan	1981	1981
Pohl_Promenade	Pohl_Promenade	Pohl, Frédérik	M	La promenade de l'ivrogne	scifi	1981	nan	1981	1981
Bodard_Anne	Bodard_Anne	Bodard, Lucien	M	Anne Marie	blanche	1981	nan	1981	1981
Ryck_Piege	Ryck_Piege	Ryck, Francis	M	Piege	policier	1981	1981	nan	NA
RobbeGrillet_NN	RobbeGrillet_NN	Robbe-Grillet, Alain	M	Djinn, Un trou rouge entre les pavés disjoints	blanche	1981	1981	nan	NA
Volkoff_Metro	Volkoff_Metro	Volkoff, Vladimir	M	Métro pour l'enfer	scifi	1981	nan	1981	1981
Heinlein_Age	Heinlein_Age	Heinlein, Robert A.	M	L'âge des étoiles	scifi	1981	nan	1981	1981
Farmer_Odyssee	Farmer_Odyssee	Farmer, Philip José	M	L'odyssée verth	scifi	1982	nan	1982	1982
Volkoff_Tire	Volkoff_Tire	Volkoff, Vladimir	M	Le tire-bouchon du bon dieu	scifi	1982	nan	1982	1982
Ligny_Furia	Ligny_Furia	Ligny, Jean-Marc	M	Furia!	scifi	1982	nan	1982	1982
Brunner_Chimeres	Brunner_Chimeres	Brunner, John	M	Les chimères de l'ombre	scifi	1982	nan	1982	1982
Bon_Sortie	Bon_Sortie	Bon, François	M	Sortie Usine	blanche	1982	1982	nan	NA
Andrevon_Cauchemar	Andrevon_Cauchemar	Andrevon, Jean-Pierre	M	Cauchemar...chauchemars!	scifi	1982	nan	1982	1982
Heinlein_Route	Heinlein_Route	Heinlein, Robert A.	M	Route de la gloire	scifi	1982	nan	1982	1982
Weyergans_Radeau	Weyergans_Radeau	Weyergans, François	M	Le Radeau de la Méduse	blanche	1983	nan	1983	1983
Pouy_Spinoza	Pouy_Spinoza	Pouy, Jean-Bernard	M	Spinoza encule Hegel	policier	1983	1983	nan	NA
Ferriere_Climat	Ferriere_Climat	Ferrière, Jean-Pierre	M	Un climat mortel	policier	1983	nan	1983	1983
Volkoff_Guerre	Volkoff_Guerre	Volkoff, Vladimir	M	La guerre des pieuvres	scifi	1983	nan	1983	1983
Jeury_Vers	Jeury_Mondes	Jeury, Michel	M	Vers l'Âge d'Or (Goer de la Terre, 3)	scifi	1983	1983	2016	NA
Echenoz_Cherokee	Echenoz_Cherokee	Echenoz, Jean	M	Cherokee	policier	1983	1983	nan	NA
Wintrebert_Maitres-feu	Wintrebert_Maitres-feu	Wintrebert, Joëlle	F	Les maîtres-feu	scifi	1983	nan	1983	1983
Duras_Amant	Duras_Amant	Duras, Marguerite	F	L'Amant	blanche	1984	1984	nan	NA
Silverberg_Revivre	Silverberg_Revivre	Silverberg, Robert	M	Revivre encore	scifi	1984	nan	1984	1984
Stagge_Chansonnette	Stagge_Chansonnette	Stagge, Jonathan	M	Chansonnette funèbre	policier	1984	nan	1984	1984
Pourunjour_Voisins	Pourunjour_Voisins	Pourunjour, Caroline	F	Des voisins très inquiétants	policier	1984	nan	1984	1984
Quentin_Meurtre	Quentin_Meurtre	Quentin, Patrick	M	Meurtre à l'université	policier	1984	nan	1984	1984
Leourier_Ti-Harnog	Leourier_Ti-Harnog	Léourier, Christian	M	Ti-Harnog	scifi	1984	nan	1984	1984
Brunner_Noire	Brunner_Noire	Brunner, John	M	Noire est la couleur	scifi	1984	nan	1984	1984
Brunner_Ville	Brunner_Ville	Brunner, John	M	La ville est un echiquier	scifi	1985	nan	1985	1985
Bakker_Compte	Bakker_Compte	Bakker, Kit	M	Compte à rebours	policier	1985	nan	1985	1985
Bon_Limite	Bon_Limite	Bon, François	M	Limite	blanche	1985	1985	nan	NA
Tournier_Goutte	Tournier_Goutte	Tournier, Michel	M	Goutte Or	blanche	1985	1985	nan	NA
Queffelec_Noces	Queffelec_Noces	Queffélec, Yann	M	Les noces barbares	blanche	1985	nan	1985	1985
Bourin_Grand	Bourin_Grand	Bourin, Jeanne	F	Le Grand Feu	blanche	1985	nan	1985	1985
Daeninckx_Metropolice	Daeninckx_Metropolice	Daeninckx, Didier	M	Métropolice	policier	1985	1985	nan	NA
Bachellerie_Rue	Bachellerie_Rue	Bachellerie, Louise	F	La rue des bons apôtres	policier	1985	nan	1985	1985
Carr_Marie	Carr_Marie	Carr, John Dickson	M	Le marié perd la tête	policier	1985	nan	1985	1985
Deon_Bagages	Deon_Bagages	Déon, Michel	M	Bagages pour Vancouver. Mes arches de Noé	blanche	1985	nan	1985	1985
Howe_Cercle	Howe_Cercle	Howe, Imogen	F	Cercle infernal	sentimental	1985	nan	1985	1985
Toussaint_Salle	Toussaint_Salle	Toussaint, Jean-Philippe	M	Salle Bain	blanche	1985	1985	nan	NA
Duras_Yeux	Duras_Yeux	Duras, Marguerite	F	Les Yeux Bleus Cheveux Noirs	blanche	1986	1986	nan	NA
Benabou_Pourquoi	Jeury_Mondes	Bénabout, Marcel	M	Pourquoi je n'ai écrit aucun de mes livres	blanche	1986	1986	1986	1986
Daeninckx_Bourreau	Daeninckx_Bourreau	Daeninckx, Didier	M	Le Bourreau	policier	1986	1986	nan	NA
Kallen_Greenfield	Kallen_Greenfield	Greenfield, Lucille	F	Greenfield connaît la musique	policier	1986	nan	1986	1986
Byron_Menaces	Byron_Menaces	Byron, Amanda	F	Menaces	sentimental	1986	nan	1986	1986
Simpson_Feu	Simpson_Feu	Simpson, Dorothy	F	Feu le mari de madame	policier	1986	nan	1986	1986
Toussaint_Monsieur	Toussaint_Monsieur	Toussaint, Jean-Philippe	M	Monsieur	blanche	1986	1986	nan	NA
Curval_Jouer	Curval_Jouer	Curval, Philippe	M	Comment jouer à l'homme invisible en trois lecons	scifi	1986	nan	1986	1986
Carrere_Moustache	Carrere_Moustache	Carrère, Emmanuel	M	La moustache	blanche	1986	nan	1986	1986
Labro_Etudiant	Labro_Etudiant	Labro, Philippe	M	L'étudiant étranger	blanche	1986	nan	1986	1986
Vargas_Jeux	Vargas_Jeux	Vargas, Fred	F	Les jeux de l'amour et de la Mort	policier	1986	1986	nan	NA
Moyes_Qui	Moyes_Qui	Moyes, Patricia	F	Qui a peur de Simon Warwick?	policier	1986	nan	1986	1986
Spinrad_Miroirs	Spinrad_Miroirs	Spinrad, Norman	M	Les miroirs de l'esprit	scifi	1986	nan	1986	1986
Deon_Montee	Deon_Montee	Déon, Michel	M	La montée du soir	blanche	1987	nan	1987	1987
Marceau_Passions	Marceau_Passions	Marceau, Félicien	M	Les passions partagées	blanche	1987	nan	1987	1987
Bataille_Valerie	Bataille_Valerie	Bataille, Thierry	M	Valérie	sentimental	1987	nan	1987	1987
Dark_Vampires	Dark_Vampires	Dark, Jason	M	Vampires en pire	sentimental	1987	nan	1987	1987
RossC_Soupirs	RossC_Soupirs	Ross, Clarissa	F	Les soupirs de la nuit	sentimental	1987	nan	1987	1987
RossM_Chateau	RossM_Chateau	Ross, Marilyn	F	Le Château d'Emeraude	sentimental	1987	nan	1987	1987
Silverberg_Guetteurs	Silverberg_Guetteurs	Silverberg, Robert	M	Les guetteurs des étoiles	scifi	1987	nan	1987	1987
Kellier_Solitaire	Kellier_Solitaire	Kellier, Elizabeth	F	Le solitaire de Craigash	sentimental	1987	nan	1987	1987
Richard_Secrets	Richard_Secrets	Richard, Susan	F	Les Secrets de la maison Kendell	sentimental	1987	nan	1987	1987
Klein_Reve	Klein_Reve	Klein, Gérard	M	Le rêve des forêts	scifi	1987	nan	1987	1987
Derenne_Cylia	Derenne_Cylia	Derenne, Elisabeth	F	Cylia	sentimental	1987	nan	1987	1987
Rice_Malone	Rice_Malone	Rice, Craig	M	Malone quitte Chicago	policier	1988	nan	1988	1988
Ziegler_Cercueil	Ziegler_Cercueil	Ziegler, Thomas	M	Le cercueil de glace	sentimental	1988	nan	1988	1988
Ellroy_Clandestin	Ellroy_Clandestin	Ellroy, James	M	Clandestin	policier	1988	1988	1990	1990
Modiano_Remise	Modiano_Remise	Modiano, Patrick	M	Remise de Peine	blanche	1988	1988	nan	NA
Crispin_Prelude	Crispin_Prelude	Crispin, Edmund	M	Prélude et mort d'Isolde	policier	1988	nan	1988	1988
Hooper_Miroir	Hooper_Miroir	Hooper, Kay	F	Le miroir brisé	sentimental	1988	nan	1988	1988
Jantz_Noces	Jantz_Noces	Jantz, Caroline	F	Les noces de Gwendoline	sentimental	1988	1988	1989, 1990	1989, 1990
Labro_Ete	Labro_Ete	Labro, Philippe	M	Un été dans l'Ouest	blanche	1988	nan	1988	1988
VanDeWetering_Massacre	VanDeWetering_Massacre	van de Wetering, Janwillem	M	Le Massacre du Maine	policier	1988	nan	1988	1988
Bieber_Recommencait	Bieber_Recommencait	Bieber, Janet	F	Si on recommençait...	sentimental	1988	nan	1988	1988
Forest_Disparue	Forest_Disparue	Forest, Regan	M	La disparue de Rosewood	sentimental	1989	nan	1989	1989
Curval_Habite	Curval_Habite	Curval, Philippe	M	Habite-t-on réellement quelque part?	scifi	1989	nan	1989	1989
Bagwell_Deux	Bagwell_Deux	Bagwell, Stella	F	Deux semaines de vacances	sentimental	1989	nan	1989	1989
YoungK_Maison	YoungK_Maison	Young, Karen	F	Dans la maison du lac	sentimental	1989	nan	1989	1989
Tyler_Neiges	Tyler_Neiges	Tyler, Alison	F	Les neiges du Fuji Yama	sentimental	1989	nan	1989	1989
Schuler_Songes	Schuler_Songes	Schuler, Candace	F	Les songes de belle de lune	sentimental	1989	nan	1989	1989
Thurlo_Serment	Thurlo_Serment	Thurlo, Aimée	F	Le serment de Melanie	sentimental	1989	nan	1989	1989
Andreota_Pieuvre	Andreota_Pieuvre	Andreota, Paul	M	La pieuvre	policier	1989	nan	1989	1989
Trent_Jolie	Trent_Jolie	Trent, Brenda	F	Une si jolie petite plage	sentimental	1989	nan	1989	1989
Houssin_Argentine	Houssin_Argentine	Houssin, Joël	M	Argentine	scifi	1989	nan	1989	1989
Bourin_Peregrines	Bourin_Peregrines	Bourin, Jeanne	F	Les Pérégrines	blanche	1989	nan	1989	1989
LewisThompson_Emeraude	LewisThompson_Emeraude	Lewis Thompson, Vicki	F	L'émeraude talisman	sentimental	1989	nan	1989	1989
Krentz_Harmony	Krentz_Harmony	Krentz, Jayne Ann	F	Harmony Valley	sentimental	1989	nan	1989	1989
Burton_Windspear	Burton_Windspear	Burton, Katherine	F	Windspear, monde enchanté	sentimental	1989	nan	1989	1989
Anderson_Destination	Anderson_Destination	Anderson, Catherine	F	Destination secrète	sentimental	1989	nan	1989	1989
Marceau_Oiseau	Marceau_Oiseau	Marceau, Félicien	M	Un oiseau dans le ciel	blanche	1989	nan	1989	1989
Amelin_Jardins	Amelin_Jardins	Amelin, Michel	M	Les jardins du casino	policier	1989	nan	1989	1989
Pappano_Cache	Pappano_Cache	Pappano, Marylin	F	Où se cache Christopher Morgan?	policier	1989	nan	1989	1989
Win_Madison	Win_Madison	Win, David	M	Madison Avenue	sentimental	1989	nan	1989	1989
Andrevon_Produira	Andrevon_Produira	Andrevon, Jean-Pierre	M	Cela se porduira bientôt	scifi	1989	nan	1989	1989
Hawthorne_Carre	Hawthorne_Carre	Hawthorne, Alaina	F	Un carré de ciel bleu	sentimental	1990	nan	1990	1990
Krentz_Deesse	Krentz_Deesse	Krentz, Jayne Ann	F	La déesse des bords du lac	sentimental	1990	nan	1990	1990
Pozzessere_Amours	Pozzessere_Amours	Pozzessere, Heather Graham	F	Les amours d'Azur Beach	sentimental	1990	nan	1990	1990
Berthelot_Rivage	Berthelot_Rivage	Berthelot, Francis	M	Rivage des intouchables	scifi	1990	nan	1990	1990
Seger_Souvenir	Seger_Souvenir	Seger, Maura	F	Le souvenir de nous	sentimental	1990	nan	1990	1990
Woods_Pluie	Woods_Pluie	Woods, Sherryl	F	Pluie d'or	sentimental	1990	nan	1990	1990
Sommers_Professeur	Sommers_Professeur	Sommers, Beverly	F	Le professeur est amoureux	sentimental	1990	nan	1990	1990
Rafferty_Paradis	Rafferty_Paradis	Rafferty, Carin	F	Paradis pour une sirène	sentimental	1990	nan	1990	1990
Daeninckx_Facteur	Daeninckx_Facteur	Daeninckx, Didier	M	Le Facteur Fatal	policier	1990	1990	nan	NA
Sommers_Qui	Sommers_Qui	Sommers, Beverly	F	Qui a peur de Joyce Lenahan?	sentimental	1990	nan	1990	1990
Roth_Amour	Roth_Amour	Roth, Pamela	F	L'amour aux mille visages	sentimental	1990	nan	1990	1990
Ellis_Mais	Ellis_Mais	Ellis, Patricia	F	Mais qui est donc M. Chandler?	sentimental	1990	nan	1990	1990
Richards_Amour	Richards_Amour	Richards, Emilie	F	L'amour du pays oublié	sentimental	1990	nan	1990	1990
Houssin_Temps	Houssin_Temps	Houssin, Joël	M	Le temps du twist	scifi	1990	nan	1990	1990
Gray_Role	Gray_Role	Gray, Kerrie	F	Le rôle de ma vie	sentimental	1990	nan	1990	1990
Long_Aucun	Long_Aucun	Long, Manning	M	Aucun délai	policier	1990	nan	1990	1990
Rosemoor_Qui	Rosemoor_Qui	Rosemoor, Patricia	F	Qui a tué Kim Quillian?	policier	1990	nan	1990	1990
YoungK_Lien	YoungK_Lien	Young, Karen	F	Lien de coeur	sentimental	1990	nan	1990	1990
Pendleton_Jouez	Pendleton_Jouez	Pendleton, Grace	F	Jouez pour moi, Anna	sentimental	1990	nan	1990	1990
Bartlett_Allie	Bartlett_Allie	Bartlett, Kay	F	L'allié de l'ombre	sentimental	1990	nan	1990	1990
YoungB_Adieu	YoungB_Adieu	Young, Brittany	F	L'adieu à Kortina	sentimental	1990	nan	1990	1990
Kitt_Epervier	Kitt_Epervier	Kitt, Sandra	F	L'épervier au coeur tendre	sentimental	1990	nan	1990	1990
Varner_Chance	Varner_Chance	Varner, Linda	F	Une chance d'Irlandais	sentimental	1990	nan	1990	1990
Card_Trilogie	Card_Trilogie	Card, Orson Scott	M	La trilogie d'Ender	tbc	1991	1991	1993	1993
LeClezio_Onitsha	LeClezio_Onitsha	Le Clézio, Jean-Marie Gustave	M	Onitsha	blanche	1991	nan	1991	1991
Pozzessere_Homme	Pozzessere_Homme	Pozzessere, Heather Graham	F	L'homme aux yeux de glace	sentimental	1991	nan	1991	1991
Roszel_Jardin	Roszel_Jardin	Roszel, Renee	F	Le jardin des amants	sentimental	1991	nan	1991	1991
Japrisot_Passager	Japrisot_Passager	Japrisot, Sébastien	M	Le Passager de la Pluie	policier	1992	1992	nan	NA
Dunyach_Voleurs	Dunyach_Voleurs	Dunyach, Jean-Claude	M	Voleurs de silence	tbc	1992	NA	1992	1992
Valetti_Labyrinth	Valetti_Labyrinth	Valetti, Oscar	M	Labyrinth-jungle	tbc	1992	NA	1992	1992
Bourin_Compagnons	Bourin_Compagnons	Bourin, Jeanne	F	Les compagnons d'éternité	blanche	1992	nan	1992	1992
Facon_Compagnons	Facon_Compagnons	Facon, Roger	M	Les compagnons de la lune blême	tbc	1992	NA	1992	1992
Jardin_Petit	Jardin_Petit	Jardin, Alexandre	M	Le petit sauvage	blanche	1992	nan	1992	1992
Rolin_Deux	Rolin_Deux	Rolin, Dominique	F	Deux femmes un soir	blanche	1992	nan	1992	1992
Ravey_Bureau	Ravey_Bureau	Ravey, Yves	M	Bureau des Illettres	blanche	1992	1992	nan	NA
Ligny_Cyberkiller	Ligny_Cyberkiller	Ligny, Jean-Marc	M	Cyberkiller	tbc	1993	NA	1993	1993
Behm_Cherche	Behm_Cherche	Behm, Marc	M	Et ne charche pas à savoir	policier	1993	1993	1996	1996
LeBussy_Tremblemer	LeBussy_Tremblemer	Le Bussy, Alain	M	Tremblemer	tbc	1993	NA	1993	1993
Nothomb_Sabotage	Nothomb_Sabotage	Nothomb, Amélie	F	Le Sabotage Amoureux	blanche	1993	1993	nan	NA
Bon_Temps	Bon_Temps	Bon, François	M	Temps Machine	blanche	1993	1993	nan	NA
Constant_Fille	Constant_Fille	Constant, Paule	F	La fille du Gobernator	blanche	1994	nan	1994	1994
Fleutiaux_Allons	Fleutiaux_Allons	Fleutieaux, Pierrette	F	Allons-nous être heureux?	blanche	1994	nan	1994	1994
StevensA_Nuit	StevensA_Nuit	Stevens, Amanda	F	La septième nuit	sentimental	1994	nan	1994	1994
Rolin_Cyrille	Rolin_Cyrille	Rolin, Jean	M	Cyrille et méthode	blanche	1994	nan	1994	1994
Cassidy_Nuits	Cassidy_Nuits	Cassidy, Carla	F	Les nuits du marécage	sentimental	1994	nan	1994	1994
Flanders_Vertigo	Flanders_Vertigo	Flanders, Rebecca	F	Vertigo	sentimental	1994	nan	1994	1994
Leiris_Ruban	Leiris_Ruban	Leiris, Michel	M	Le ruban au cou d'Olympia	blanche	1994	nan	1994	1994
Sarraute_Portrait	Sarraute_Portrait	Sarraute, Nathalie	F	Portrait d'un inconnu	blanche	1995	nan	1995	1995
LeBussy_Rork	LeBussy_Rork	Le Bussy, Alain	M	Rork des plaines	tbc	1995	NA	1995	1995
Padgett_Enfant	Padgett_Enfant	Padgett, Abigail	F	L'Enfant du silence	policier	1995	nan	1995	1995
Shayne_Allies	Shayne_Allies	Shayne, Maggie	F	Les alliés de l'ombre	sentimental	1995	nan	1995	1995
Gerritsen_Appat	Gerritsen_Appat	Gerritsen, Tess	F	L'appât	policier	1995	nan	1995	1995
Kassak_Peur	Kassak_Peur	Kassak, Fred	M	Qui a peur d'Ed Garpo?	policier	1995	nan	1995	1995
Dessaint_Vie	Dessaint_Vie	Dessaint, Pascal	M	La vie n'est pas une punition	policier	1995	nan	1995	1995
Nathan_Dieu	Nathan_Dieu	Nathan, Tobie	M	Dieu-Dope	policier	1995	1995	1997	1997
Djian_Sotos	Djian_Sotos	Djian, Philippe	M	Sotos	blanche	1995	nan	1995	1995
Pouy_Petite	Pouy_Petite	Pouy, Jean-Bernard	M	Le Petite Écuyère a cafté	policier	1995	1995	nan	NA
Izzo_Chourmo	Izzo_Chourmo	Izzo, Jean-Claude	M	Chourmo	policier	1996	1996	nan	NA
LeBussy_Djamol	LeBussy_Djamol	Le Bussy, Alain	M	Djamol de Kîv	tbc	1996	NA	1996	1996
Jardin_Fanfan	Jardin_Fanfan	Jardin, Alexandre	M	Fanfan	blanche	1996	nan	1996	1996
Nothomb_Peplum	Nothomb_Peplum	Nothomb, Amélie	F	Peplum	blanche	1996	1996	nan	NA
Belfiore_Maitre	Belfiore_Maitre	Belfiore, Robert	M	Le maître de Juvenfa	tbc	1996	NA	1996	1996
Wagner_Ravisseurs	Wagner_Ravisseurs	Wagner, Roland C.	M	Les ravisseurs quantiques	tbc	1996	NA	1996	1996
Beeding_Diner	Beeding_Diner	Beeding, Francis	F	Un dîner d'anniversaire	policier	1996	nan	1996	1996
Wagner_Balle	Wagner_Balle	Wagner, Roland C.	M	La Balle du néant : suivi de Les ravisseurs quantiques (Les futurs mystères de Paris)	tbc	1996	NA	1996	1996
MartinigolGrousset_Enfant	MartinigolGrousset_Enfant	Martinigol, Danielle / Grousset, Alain	M	L'Enfant-mémoire	tbc	1996	NA	1996	1996
Modiano_Loin	Modiano_Loin	Modiano, Patrick	M	Du Plus Loin de l'Oubli	blanche	1996	1996	nan	NA
Lemaire_Peur	Lemaire_Peur	Lemaire, Jean-Francois	M	Peur sur l'asile	policier	1996	nan	1996	1996
Pennac_Chretiens	Pennac_Chretiens	Pennac, Daniel	M	Malaussene 5 Chretiens Maures	policier	1996	1996	nan	NA
Flanders_Nuit	Flanders_Nuit	Flanders, Rebecca	F	Nuit de pleine lune	sentimental	1996	nan	1996	1996
Pace_Mystere	Pace_Mystere	Pace, Laurel	M	Le mystère Borodine	policier	1996	nan	1996	1996
Vargas_Cercles	Vargas_Cercles	Vargas, Fred	F	L'Homme aux Cercles Bleus	policier	1996	1996	nan	NA
Manchette_Princesse	Manchette_Princesse	Manchette, Jean-Patrick	M	La Princesse de Sang	policier	1996	1996	nan	NA
Card_Enfants	Card_Enfants	Card, Orson Scott	M	Les enfants de l'esprit	tbc	1996	1996	2000	2000
Vila_Iceflyer	Vila_Iceflyer	Vilà, Christian	M	Iceflyer	tbc	1997	NA	1997	1997
Genefort_Sang	Genefort_Sang	Genefort, Laurent	M	Le sang des immortels	tbc	1997	NA	1997	1997
Ranne_Chute	Ranne_Chute	Ranne, G. Elton	M	Chute libre	tbc	1997	NA	1997	1997
Eustis_Homme	Eustis_Homme	Eustis, Helen	F	L'homme horizontal	policier	1997	nan	1997	1997
Renford_Plus	Renford_Plus	Renford, Philippe 	M	Plus proche que vous ne pensez	tbc	1997	NA	1997	1997
Rambaud_Bataille	Rambaud_Bataille	Rambaud, Patrick	M	La bataille	blanche	1997	nan	1997	1997
Toussaint_Television	Toussaint_Television	Toussaint, Jean-Philippe	M	Television	blanche	1997	1997	nan	NA
Fasquelle_Chant	Fasquelle_Chant	Fasquelle, Solange	F	Le chant des hérissons	blanche	1997	nan	1997	1997
Pender_Mortelle	Pender_Mortelle	Pender, Laura	F	Mortelle ressemblance	policier	1997	nan	1997	1997
ClarinardOlliver_Ombre	ClarinardOlliver_Ombre	Ollivier Mikael / Clarinard, Raymond	M	L'ombre de Mars 	tbc	1997	NA	1997	1997
Blanchot_Thomas	Blanchot_Thomas	Blanchot, Maurice	M	Thomas l'Obscur	blanche	1997	nan	1997	1997
Cosse_Femme	Cosse_Femme	Cossé, Laurence	F	La femme du premier ministre	blanche	1998	nan	1998	1998
Genefort_Croises	Genefort_Croises	Genefort, Laurent	M	Les croisés du vide	tbc	1998	NA	1998	1998
Venisse_Troisieme	Venisse_Troisieme	Venisse, Alain	M	Troisième galaxie au fond du placard	tbc	1998	NA	1998	1998
Pagel_Cineterre	Pagel_Cineterre	Pagel, Michel	M	Cinéterre	tbc	1998	NA	1998	1998
Wiazemsky_Poignée	Wiazemsky_Poignée	Wiazemsky, Anne	F	Une poignée de gens	blanche	1998	nan	1998	1998
Homeric_Loup	Homeric_Loup	Homeric (Frédéric Dion)	M	Le loup mongol	blanche	1998	nan	1998	1998
Khadra_Double	Khadra_Double	Khadra, Yasmina	M	Double Blanc	policier	1998	1998	nan	NA
Echenoz_Je	Echenoz_Je	Echenoz, Jean	M	Je m'en vais	blanche	1999	1999	nan	NA
Genefort_Engloutis	Genefort_Engloutis	Genefort, Laurent	M	Les engloutis	tbc	1999	NA	1999	1999
Pelot_Jour	Pelot_Jour	Pelot, Pierre	M	Le Jour de l'Enfant Tueur	policier	1999	1999	nan	NA
Bouhier_Portrait	Bouhier_Portrait	Bouhier, Florence	F	Portrait de l'artiste en assassin	policier	1999	nan	1999	1999
LeBussy_Mendiant	LeBussy_Mendiant	Le Bussy, Alain	M	Le mendiant de Karnathok	tbc	1999	NA	1999	1999
Pennac_Fruits	Pennac_Fruits	Pennac, Daniel	M	Malaussene 6 Fruits Passion	policier	1999	1999	nan	NA
Benacquista_Saga	Benacquista_Saga	Benacquista, Tonino	M	Saga	blanche	1999	nan	1999	1999
Dard_Trempe	Dard_Trempe	Dard, Frédéric	M	Trempe ton Pain dans la soupe	policier	1999	1999	nan	NA
DuMaurier_Maison	DuMaurier_Maison	MAURICE BERNARD ENDRÈBE	F	La Maison sur le rivage	blanche	1970	DATE-FIRSTEDITION	1970	1970
Dufour_MarieMarraine	Dufour_MarieMarraine	Hortense Dufour	F	La Marie-Marraine	blanche	1978	DATE-FIRSTEDITION	1978	1978
Bergot_Vandenberghe	Bergot_Vandenberghe	Erwan Bergot	M	Vandenberghe, le Seigneur du delta	blanche	1973	DATE-FIRSTEDITION	1973	1973
PennWarren_Endroit	PennWarren_Endroit	Penn Warren, Robert	M	Un endroit où aller: roman	sentimental	1977	DATE-FIRSTEDITION	1977	1977
Rome_Innocence	Rome_Innocence	Margaret Rome	F	L'innocence aux yeux clairs	sentimental	1979	DATE-FIRSTEDITION	1979	1979
Hocquenghem_Fin	Hocquenghem_Fin	Guy Hocquenghem	M	Fin de section	blanche	1975	DATE-FIRSTEDITION	1975	1975
Jardin_Toupie	Jardin_Toupie	Pascal Jardin	F	Toupie la rage	blanche	1972	DATE-FIRSTEDITION	1972	1972
Craven_Jamais	Craven_Jamais	Sara Craven	F	Jamais je ne t'oublierai	sentimental	1979	DATE-FIRSTEDITION	1979	1979
Lamb_Etrange	Lamb_Etrange	Charlotte Lamb	F	Une Étrange Langueur	sentimental	1979	DATE-FIRSTEDITION	1979	1979
Pierlain_Fascinante	Pierlain_Fascinante	Nell Pierlain	F	Fascinante Hilda	sentimental	1976	DATE-FIRSTEDITION	1976	1976
Graham_Diable	Graham_Diable	Elizabeth Graham	F	Un diable d'ange gardien	sentimental	1980	DATE-FIRSTEDITION	1980	1980
Maillet_Pelagie	Maillet_Pelagie	Maillet, Antonine	F	Pélagie-la-Charrette	blanche	1979	DATE-FIRSTEDITION	1979	1979
Peignot_Tour	Peignot_Tour	Jérôme Peignot	M	La tour	blanche	1971	DATE-FIRSTEDITION	1971	1971
Lutry_DonJuan	Lutry_DonJuan	Jean de Lutry	F	Les Don Juan d'Aspreval	sentimental	1978	DATE-FIRSTEDITION	1978	1978
Josselin_Jours	Josselin_Jours	Josselin, Jean-François	M	Quelques jours avec moi	blanche	1979	DATE-FIRSTEDITION	1979	1976
Leigh_Etoile	Leigh_Etoile	Roberta Leigh	F	Une étoile au coeur	sentimental	1979	DATE-FIRSTEDITION	1979	1979
SaintBray_Portes	SaintBray_Portes	Saint-Bray	F	Les Portes De L'Amour	sentimental	1979	DATE-FIRSTEDITION	1979	1979
Simart_Magicien	Simart_Magicien	Hélène Simart	F	Le magicien noir	sentimental	1971	DATE-FIRSTEDITION	1971	1971
Merle_Fortune	Merle_Fortune	MERLE, Robert	M	Fortune de France	blanche	1977	DATE-FIRSTEDITION	1977	1977
Messagier_Sanctifie	Messagier_Sanctifie	Matthieu Messagier	M	Sanctifié	blanche	1974	DATE-FIRSTEDITION	1974	1974
Roth_Portnoy	Roth_Portnoy	Roth Philip	M	Portnoy et son complexe	blanche	1970	DATE-FIRSTEDITION	1970	1970
Clausse_Comme	Clausse_Comme	Suzanne Clausse	F	Comme un souffle brulant	sentimental	1978	DATE-FIRSTEDITION	1978	1978
Andre_Chevalier	Andre_Chevalier	Alix. Andre	F	Le chevalier errant	sentimental	1972	DATE-FIRSTEDITION	1972	1972
Andrau_Elles	Andrau_Elles	Marianne Andrau	F	Elles ou moi	sentimental	1971	DATE-FIRSTEDITION	1971	1970
Noel_Argent	Noel_Argent	Denise Noël	F	L'argent du diable	sentimental	1970	DATE-FIRSTEDITION	1970	1970
Ernaux_Armoires	Ernaux_Armoires	Ernaux, Annie	F	Les Armoires vides	blanche	1984	DATE-FIRSTEDITION	1984	1984
Andre_Maison	Andre_Maison	Alix. Andre	F	LA MAISON DU CORSAIRE.	sentimental	1970	DATE-FIRSTEDITION	1970	1970
Andre_Mal	Andre_Mal	Alix André	F	Ce mal s'appelle l'amour	sentimental	1977	DATE-FIRSTEDITION	1977	1977
Josselin_Star	Josselin_Star	Josselin, Jean-François	M	Quand j'étais star	blanche	1976	DATE-FIRSTEDITION	1976	1976
Keno_Temple	Keno_Temple	Robert Keno	M	Le temple au clair de lune	sentimental	1977	DATE-FIRSTEDITION	1977	1977
Davet_Promenade	Davet_Promenade	Michel Davet	F	La promenade des colombes	sentimental	1977	DATE-FIRSTEDITION	1977	1977
Miollis_MaryCottage	Miollis_MaryCottage	Marie-Antoinette de Miollis	F	Mary-Cottage	sentimental	1970	DATE-FIRSTEDITION	1970	1970
Miller_Virage	Miller_Virage	Miller, Henry	M	Virage à 80	blanche	1978	DATE-FIRSTEDITION	1978	1978
Fischer_Medecin	Fischer_Medecin	Marie Louise Fischer	F	Médecin des enfants	sentimental	1973	DATE-FIRSTEDITION	1973	1973
Magali_Celle	Magali_Celle	Magali	F	Celle qui s'en alla	sentimental	1973	DATE-FIRSTEDITION	1973	1973
Clausse_Pre	Clausse_Pre	Suzanne Clausse	F	Le pré des saules	sentimental	1971	DATE-FIRSTEDITION	1971	1971
Hyvrard_Meurtritude	Hyvrard_Meurtritude	Jeanne Hyvrard	F	La meurtritude	blanche	1977	DATE-FIRSTEDITION	1977	1977
Mai_Bel	Mai_Bel	Denyse Mai	F	Le bel inconstant	sentimental	1981	DATE-FIRSTEDITION	1981	1981
Amila_Noces	Amila_Noces	Amila, Jean	M	Noces Soufre	policier	1964	1964	1964	NA
BoileauNarcejac_Malefices	BoileauNarcejac_Malefices	Boileau-Narcejac	M	Maléfices	policier	1961	1961	1961	NA
BoileauNarcejac_Ombre	BoileauNarcejac_Ombre	Boileau-Narcejac	M	L'Ombre et la Proie	policier	1951	1951	1951	NA
Queneau_Fleurs	Queneau_Fleurs	Queneau, Raymond	M	Fleurs Bleues	blanche	1965	1965	1965	NA
